[{"id": 0, "parent": 2, "joint": "slider", "name": "lid", "parts": [{"id": 1, "name": "lid", "children": []}], "jointData": {"axis": {"origin": [0, 0, 0], "direction": [0, 1, 0]}, "limit": {"a": 0, "b": 0.02400000000000002, "noLimit": false, "rotates": false, "noRotationLimit": false, "rotationLimit": 0}}}, {"id": 1, "parent": 2, "joint": "hinge", "name": "handle", "parts": [{"id": 2, "name": "handle", "children": []}], "jointData": {"axis": {"origin": [0.02560625915299171, 0.29093208944834004, 0], "direction": [0, 0, 1]}, "limit": {"a": -250, "b": -470, "noLimit": false}}}, {"id": 2, "parent": -1, "joint": "free", "name": "base_body", "parts": [{"id": 3, "name": "base_body", "children": []}], "jointData": {}}]