[{"name": "bottle", "ori_id": 0, "children": [{"name": "jug", "ori_id": 1, "children": [{"name": "mouth", "ori_id": 8, "id": 2, "objs": ["original-3"], "text": "mouth"}, {"name": "body", "ori_id": 9, "id": 3, "objs": ["new-6", "new-4", "new-5"], "text": "body"}, {"name": "handle", "ori_id": 10, "id": 4, "objs": ["original-1"], "text": "handle"}, {"name": "handle", "ori_id": 11, "id": 5, "objs": ["original-4"], "text": "handle"}], "id": 1, "objs": ["original-3", "new-6", "new-4", "new-5", "original-1", "original-4"], "text": "jug"}], "id": 0, "objs": ["original-3", "new-6", "new-4", "new-5", "original-1", "original-4"], "text": "bottle"}]